priority_class,target_domain,mention_count,our_pages_to_pitch,keywords_we_want_to_rank_for,outreach_notes
A-aggregator,yahoo.com,97,/; /blogs/mattress-buying-guide/adjustable-queen-mattresses-are-they-worth-it-pros-cons; /blogs/mattress-buying-guide/avocado-vs-tempur-pedic; /blogs/mattress-buying-guide/bed-in-a-box-vs-traditional-mattress-pros-and-cons; /blogs/mattress-buying-guide/best-black-friday-deals-on-furniture,2.0 high density foam; 3 4 size bed mattress; 4 inch foundation; 60x80 bed size; aap guidance elevate head of crib for congestion not recommended; adjustable bed with mattress; adjustable mattress and frame; adjustable queen bed and mattress,Yahoo News + Shopping syndicate. Pitch press releases to PRWeb/Cision; coverage often appears on Yahoo properties.
A-aggregator,shopmattressondemand.com,13,/blogs/mattress-buying-guide/adjustable-queen-mattresses-are-they-worth-it-pros-cons; /blogs/mattress-buying-guide/best-mattress-for-bad-back; /blogs/mattress-buying-guide/best-mattress-for-heavy-people; /blogs/mattress-buying-guide/best-mattress-for-pressure-points; /blogs/mattress-buying-guide/memory-foam-vs-hybrid,adjustable bed with mattress; adjustable mattress and frame; adjustable queen bed and mattress; all foam vs hybrid mattress; bed cover mattress; bed pressure points; beds back pain; best mattress for heavy people,Mattress comparison aggregator. Submit your products + ask for inclusion.
A-aggregator,redditrecs.com,3,/blogs/mattress-buying-guide/what-is-a-hybrid; /blogs/mattress-buying-guide/what-to-do-about-a-beautyrest-black-mattress-sagging; /collections/latex-mattresses,beautyrest black series 4 reviews; latex mattress; what is a hybrid mattress,"Reddit aggregator. Strategy: improve Reddit mentions (r/Mattress, r/LosAngeles)."
A-directory,threebestrated.com,7,/blogs/mattress-buying-guide/adjustable-queen-mattresses-are-they-worth-it-pros-cons; /blogs/mattress-buying-guide/how-much-space-does-a-full-size-mattress-really-give-you; /blogs/mattress-buying-guide/what-is-the-size-of-a-queen-mattress; /collections/adjustable-beds; /pages/mattress-store-locations,adjustable bed with mattress; adjustable mattress and frame; adjustable queen bed and mattress; full mattress dimensions; mattress stores near me; queen mattress size; queen size queen size bed,Local-biz directory. Apply for LA mattress-store category (annual audit).
A-directory,wheretobuyamattress.com,1,/blogs/mattress-buying-guide/best-mattress-for-bad-back,beds back pain,Mattress directory. Submit your 5 LA showrooms.
A-publisher,designrulz.com,23,/blogs/mattress-buying-guide/full-size-bed-dimensions-width-couples; /blogs/mattress-buying-guide/full-size-mattress-measurements-room-layout-tips; /blogs/mattress-buying-guide/full-vs-queen-mattress; /blogs/mattress-buying-guide/how-much-space-does-a-full-size-mattress-really-give-you; /blogs/mattress-buying-guide/queen-mattress-size-guide-inches-feet-how-to-pick-the-perfect-fit,60x80 bed size; bed dimensions feet; full bed dimensions; full bed size; full mattress dimensions; full size bed dimensions; full size mattress dimensions; how big is a full size bed,Design blog covering bedroom + mattress topics. Pitch a guest mattress-buying piece.
A-publisher,hfbusiness.com,14,/; /blogs/mattress-buying-guide/what-is-the-best-thickness-for-a-memory-foam-mattress; /blogs/mattress-care-tips/how-to-put-a-mattress-back-in-a-box; /collections/helix-mattresses; /collections/on-sale,ashley 10 inch memory foam mattress; bed in a box packaging; helix; helix mattress; mattress mattress sale; mattress store; mattress stores; mattress stores near me,Home Furnishings Business trade pub. Pitch product news or expert column.
A-publisher,futureofpersonalhealth.com,7,/blogs/mattress-buying-guide/full-vs-queen-mattress; /blogs/mattress-buying-guide/how-much-space-does-a-full-size-mattress-really-give-you; /pages/mattress-sizes,full bed size; full mattress dimensions; full size mattress dimensions; how big is a full size bed; king mattress size; mattress sizes; size a full bed,Mediaplanet health pub. Pitch sleep-health expert quote.
A-publisher,weekand.com,7,/blogs/mattress-buying-guide/full-vs-queen-mattress; /blogs/mattress-buying-guide/how-much-space-does-a-full-size-mattress-really-give-you; /pages/mattress-sizes,full bed size; full mattress dimensions; full size mattress dimensions; how big is a full size bed; king mattress size; mattress sizes; size a full bed,USA Today network lifestyle. Pitch sleep tips or mattress care.
A-publisher,eatthis.com,1,/blogs/mattress-buying-guide/serta-vs-beautyrest-mattress-comparison-detailed-guide-2024,beautyrest br800 costco,"Health/lifestyle outlet. Pitch a ""best mattress for X"" round-up inclusion."
B-evaluate,sleephappens.com,7,/blogs/mattress-buying-guide/adjustable-queen-mattresses-are-they-worth-it-pros-cons; /blogs/mattress-buying-guide/what-is-innerspring; /collections/adjustable-beds; /collections/bed-in-a-box-mattresses; /collections/extra-firm-mattresses,adjustable bed with mattress; adjustable mattress and frame; adjustable queen bed and mattress; bed cover mattress; bed ina box; extra firm mattress; innerspring mattress,"Not pre-classified — research site, decide if worth pursuing."
B-evaluate,serta.ca,6,/blogs/mattress-buying-guide/how-bigs-a-double-bed; /blogs/mattress-buying-guide/what-is-innerspring; /blogs/mattress-buying-guide/what-is-the-size-of-a-queen-mattress; /collections/california-king-mattresses; /collections/king-size-mattresses,california king mattress; double bed size; innerspring mattress; king mattress; mattress stores near me; queen size queen size bed,"Not pre-classified — research site, decide if worth pursuing."
B-evaluate,luxemattresses.co.uk,6,/blogs/mattress-buying-guide/best-mattress-for-bad-back; /blogs/mattress-buying-guide/best-mattress-for-pressure-points; /blogs/mattress-buying-guide/memory-foam-vs-hybrid; /blogs/mattress-buying-guide/spring-vs-foam-mattress-back-pain#which-is-better-by-sleep-position; /blogs/mattress-buying-guide/what-is-a-hybrid,all foam vs hybrid mattress; are spring mattresses bad for your back; bed pressure points; beds back pain; latex mattress; what is a hybrid mattress,"Not pre-classified — research site, decide if worth pursuing."
B-evaluate,furniture.com,6,/; /collections/bed-frames; /collections/on-sale; /pages/mattress-store-locations,bed place; mattress mattress sale; mattress store; mattress stores; mattress stores near me; shop mattresses,"Not pre-classified — research site, decide if worth pursuing."
B-evaluate,bedpros.com,6,/; /collections/bed-frames; /collections/on-sale; /pages/mattress-store-locations,bed place; mattress mattress sale; mattress store; mattress stores; mattress stores near me; shop mattresses,"Not pre-classified — research site, decide if worth pursuing."
B-evaluate,sleepoutfitters.com,6,/; /collections/bed-frames; /collections/on-sale; /pages/mattress-store-locations,bed place; mattress mattress sale; mattress store; mattress stores; mattress stores near me; shop mattresses,"Not pre-classified — research site, decide if worth pursuing."
B-evaluate,sitelike.org,6,/; /collections/bed-frames; /collections/on-sale; /collections/organic-mattress,bed place; mattress mattress sale; mattress sale; mattress sales; organic mattress; shop mattresses,"Not pre-classified — research site, decide if worth pursuing."
B-evaluate,prowly.com,5,/blogs/mattress-buying-guide/what-is-the-best-thickness-for-a-memory-foam-mattress; /collections/adjustable-beds; /collections/tempur-pedic-mattresses,adjustable bed with mattress; adjustable mattress and frame; best memory foam mattress consumer reports; tempurpedic; tempurpedic mattress,"Not pre-classified — research site, decide if worth pursuing."
B-evaluate,maisonlyinteriordesign.com,5,/blogs/mattress-buying-guide/best-mattress-covers-for-allergies; /blogs/mattress-buying-guide/can-you-put-an-air-mattress-on-a-bed-frame; /blogs/mattress-buying-guide/how-to-clean-urine-from-tempurpedic-mattress; /blogs/mattress-buying-guide/pros-and-cons-of-using-an-air-mattress-long-term,air bed is good for sleep; air mattress with a frame; allergenic mattress covers; are air mattresses bad for you; how to clean a tempurpedic mattress,"Not pre-classified — research site, decide if worth pursuing."
B-evaluate,gottasleep.com,4,/blogs/mattress-buying-guide/full-size-mattress-measurements-room-layout-tips; /blogs/mattress-buying-guide/how-bigs-a-double-bed; /blogs/mattress-buying-guide/what-is-the-size-of-a-queen-mattress; /pages/mattress-sizes,bed size chart; double bed size; queen mattress size; size of full bed,"Not pre-classified — research site, decide if worth pursuing."
B-evaluate,unanswered.io,4,/blogs/mattress-buying-guide/what-is-high-density-foam; /blogs/mattress-buying-guide/what-is-the-size-of-a-queen-mattress; /blogs/mattress-care-tips/how-to-deflate-an-intex-air-mattress,2.0 high density foam; air bed won't deflate; how big is a queen size bed; how wide is a queen bed,"Not pre-classified — research site, decide if worth pursuing."
B-evaluate,ruspagesusa.com,4,/; /blogs/mattress-buying-guide/what-does-medium-firm-mattress-mean-understanding-firmness-levels-for-perfect-sleep; /collections/on-sale; /pages/mattress-store-locations,mattress mattress sale; mattress sales; mattress stores near me; medium firm mattress,"Not pre-classified — research site, decide if worth pursuing."
B-evaluate,superpages.com,4,/; /pages/mattress-store-locations,mattress store; mattress stores; mattress stores near me; shop mattresses,"Not pre-classified — research site, decide if worth pursuing."
B-evaluate,dadofdivas.com,4,/blogs/mattress-buying-guide/king-vs-california-king,cal king vs king; california king dimensions; california king vs king; king vs california king,"Not pre-classified — research site, decide if worth pursuing."
B-evaluate,wellandgood.com,4,/; /blogs/mattress-buying-guide/are-low-beds-better-for-your-back-discover-the-ergonomic-health-benefits; /collections/on-sale,are low beds better for your back; mattress mattress sale; mattress sale; mattress sales,"Not pre-classified — research site, decide if worth pursuing."
B-evaluate,marketminute.com,4,/collections/extra-firm-mattresses; /collections/helix-mattresses; /collections/latex-mattresses; /collections/organic-mattress,extra firm mattress; helix; latex mattress; organic mattress,"Not pre-classified — research site, decide if worth pursuing."
B-evaluate,amazingarchitecture.com,4,/blogs/mattress-buying-guide/what-is-the-size-of-a-queen-mattress,how big is a queen size bed; how wide is a queen bed; queen bed size; size of queen bed,"Not pre-classified — research site, decide if worth pursuing."
B-evaluate,tiekoetter.com,3,/blogs/sleep-blog/how-to-elevate-crib-mattress-for-congestion; /collections/bed-in-a-box-mattresses; /pages/mattress-sizes,aap guidance elevate head of crib for congestion not recommended; bed ina box; king size mattress dimensions,"Not pre-classified — research site, decide if worth pursuing."
B-evaluate,greenflagdigital.com,3,/pages/mattress-sizes,bed dimensions feet; bed size chart; bed sizes chart,"Not pre-classified — research site, decide if worth pursuing."
B-evaluate,gigarefurb.co.uk,3,/collections/tempur-pedic-mattresses,tempur pedic mattress; tempurpedic; tempurpedic mattress,"Not pre-classified — research site, decide if worth pursuing."
B-evaluate,tempurpedic.com,3,/blogs/mattress-buying-guide/how-to-flip-a-tempurpedic-mattress; /collections/tempur-pedic-mattresses,ashley furniture tempur pedic mattress return policy; tempur pedic mattress; tempurpedic mattress,"Not pre-classified — research site, decide if worth pursuing."
B-evaluate,tsiaws.com,3,/blogs/mattress-buying-guide/how-to-flip-a-tempurpedic-mattress; /collections/tempur-pedic-mattresses,ashley furniture tempur pedic mattress return policy; tempur pedic mattress; tempurpedic mattress,"Not pre-classified — research site, decide if worth pursuing."
B-evaluate,shareasale.com,3,/collections/bed-in-a-box-mattresses; /collections/latex-mattresses; /collections/mattress-toppers,bed ina box; latex mattress; mattress and toppers,"Not pre-classified — research site, decide if worth pursuing."
B-evaluate,freeseotesting.com,3,/blogs/mattress-buying-guide/adjustable-queen-mattresses-are-they-worth-it-pros-cons; /collections/adjustable-beds,adjustable bed with mattress; adjustable mattress and frame; adjustable queen bed and mattress,"Not pre-classified — research site, decide if worth pursuing."
B-evaluate,carpenterjames.com,3,/blogs/mattress-buying-guide/king-vs-california-king,california king dimensions; california king vs king; king vs california king,"Not pre-classified — research site, decide if worth pursuing."
B-evaluate,domino.com,3,/; /collections/on-sale,mattress mattress sale; mattress sale; mattress sales,"Not pre-classified — research site, decide if worth pursuing."
B-evaluate,klclick.com,3,/; /blogs/mattress-buying-guide/best-black-friday-deals-on-furniture; /collections/on-sale,bed black friday; mattress sale; mattress sales,"Not pre-classified — research site, decide if worth pursuing."
B-evaluate,sfgate.com,3,/; /collections/on-sale,mattress mattress sale; mattress sale; mattress sales,"Not pre-classified — research site, decide if worth pursuing."
B-evaluate,mapquest.com,3,/; /collections/on-sale,mattress mattress sale; mattress sale; mattress sales,"Not pre-classified — research site, decide if worth pursuing."
B-evaluate,luxurylifestyle.com,3,/collections/helix-mattresses; /collections/organic-mattress,helix; helix mattress; organic mattress,"Not pre-classified — research site, decide if worth pursuing."
B-evaluate,homeofcozy.com,3,/blogs/mattress-buying-guide/what-is-a-hybrid; /collections/extra-firm-mattresses; /collections/mattress-toppers,extra firm mattress; mattress and toppers; what is a hybrid mattress,"Not pre-classified — research site, decide if worth pursuing."
B-evaluate,whatsthebest-mattress.com,3,/,mattress store; mattress stores; shop mattresses,"Not pre-classified — research site, decide if worth pursuing."
B-evaluate,dhgate.com,3,/blogs/mattress-buying-guide/pros-and-cons-of-using-an-air-mattress-long-term; /blogs/mattress-buying-guide/serta-pedic-vs-tempurpedic-why-tempurpedic-is-the-better-option; /blogs/mattress-care-tips/how-to-deflate-an-intex-air-mattress,air bed is good for sleep; air bed won't deflate; arc'teryx vs tempur-pedic,"Not pre-classified — research site, decide if worth pursuing."
B-evaluate,cnwonderfultextile.com,3,/blogs/mattress-buying-guide/best-mattress-covers-for-allergies; /blogs/mattress-buying-guide/best-mattress-for-pressure-points; /collections/memory-foam-mattresses,allergenic mattress covers; bed pressure points; foam memory foam,"Not pre-classified — research site, decide if worth pursuing."
B-evaluate,goldendreamsmattress.com,2,/blogs/mattress-buying-guide/best-mattress-for-bad-back; /pages/mattress-sizes,beds back pain; king size mattress dimensions,"Not pre-classified — research site, decide if worth pursuing."
B-evaluate,bryte.com,2,/blogs/mattress-buying-guide/best-mattress-for-bad-back; /blogs/mattress-buying-guide/memory-foam-vs-hybrid,all foam vs hybrid mattress; beds back pain,"Not pre-classified — research site, decide if worth pursuing."
B-evaluate,sleepmax.com,2,/blogs/mattress-buying-guide/memory-foam-vs-hybrid; /blogs/mattress-buying-guide/what-is-a-hybrid,all foam vs hybrid mattress; what is a hybrid mattress,"Not pre-classified — research site, decide if worth pursuing."
B-evaluate,northernmattressandfurniture.com,2,/blogs/mattress-buying-guide/bed-in-a-box-vs-traditional-mattress-pros-and-cons; /blogs/mattress-buying-guide/memory-foam-vs-hybrid,all foam vs hybrid mattress; are mattress in a box any good,"Not pre-classified — research site, decide if worth pursuing."
B-evaluate,unid.edu.pe,2,/blogs/mattress-buying-guide/best-mattress-for-pressure-points; /blogs/mattress-buying-guide/memory-foam-vs-hybrid,all foam vs hybrid mattress; bed pressure points,"Not pre-classified — research site, decide if worth pursuing."
B-evaluate,tuftandneedle.ca,2,/blogs/mattress-buying-guide/how-much-space-does-a-full-size-mattress-really-give-you; /pages/mattress-sizes,full mattress dimensions; mattress size chart,"Not pre-classified — research site, decide if worth pursuing."
B-evaluate,scout.click,2,/pages/mattress-sizes,king size mattress dimensions; king size measurement mattress,"Not pre-classified — research site, decide if worth pursuing."
B-evaluate,aseannow.com,2,/pages/mattress-sizes,king mattress size; king size measurement mattress,"Not pre-classified — research site, decide if worth pursuing."
B-evaluate,avocadogreenmattress.com,2,/blogs/mattress-buying-guide/what-is-the-best-thickness-for-a-memory-foam-mattress; /collections/latex-mattresses,best memory foam mattress consumer reports; latex mattress,"Not pre-classified — research site, decide if worth pursuing."
B-evaluate,gatesfurniture.com,2,/blogs/mattress-buying-guide/best-mattress-for-pressure-points; /blogs/mattress-buying-guide/what-is-the-best-thickness-for-a-memory-foam-mattress,bed pressure points; best memory foam mattress consumer reports,"Not pre-classified — research site, decide if worth pursuing."
B-evaluate,southernsavers.com,2,/collections/bed-frames; /collections/mattresses,bed for sale; bed place,"Not pre-classified — research site, decide if worth pursuing."
B-evaluate,roomstogo.pr,2,/collections/king-size-mattresses; /collections/mattresses,bed for sale; king mattress,"Not pre-classified — research site, decide if worth pursuing."
B-evaluate,netdania.com,2,/collections/tempur-pedic-mattresses,tempurpedic; tempurpedic mattress,"Not pre-classified — research site, decide if worth pursuing."
B-evaluate,beautyrest.ca,2,/blogs/mattress-buying-guide/adjustable-queen-mattresses-are-they-worth-it-pros-cons; /collections/adjustable-beds,adjustable bed with mattress; adjustable queen bed and mattress,"Not pre-classified — research site, decide if worth pursuing."
B-evaluate,robinspost.com,2,/collections/adjustable-beds; /collections/latex-mattresses,adjustable mattress and frame; latex mattress,"Not pre-classified — research site, decide if worth pursuing."
B-evaluate,ibegin.com,2,/; /pages/mattress-store-locations,mattress sales; mattress stores near me,"Not pre-classified — research site, decide if worth pursuing."
B-evaluate,whatsag.com,2,/; /collections/on-sale,mattress sale; mattress sales,"Not pre-classified — research site, decide if worth pursuing."
B-evaluate,mattresssalefinder.com,2,/; /collections/on-sale,mattress mattress sale; mattress sales,"Not pre-classified — research site, decide if worth pursuing."
B-evaluate,naturepedic.ca,2,/blogs/mattress-buying-guide/avocado-vs-tempur-pedic; /collections/organic-mattress,avocado vs naturepedic mattress; organic mattress,"Not pre-classified — research site, decide if worth pursuing."
B-evaluate,yellowpages.com,2,/,mattress stores; shop mattresses,"Not pre-classified — research site, decide if worth pursuing."
B-evaluate,growjo.com,2,/,mattress stores; shop mattresses,"Not pre-classified — research site, decide if worth pursuing."
B-evaluate,regionaldirectory.us,2,/,mattress store; shop mattresses,"Not pre-classified — research site, decide if worth pursuing."
B-evaluate,myleadfox.com,2,/,mattress stores; shop mattresses,"Not pre-classified — research site, decide if worth pursuing."
B-evaluate,dexknows.com,2,/,mattress stores; shop mattresses,"Not pre-classified — research site, decide if worth pursuing."
B-evaluate,location.com,2,/,mattress store; shop mattresses,"Not pre-classified — research site, decide if worth pursuing."
B-evaluate,thejoint.com,2,/blogs/mattress-buying-guide/pros-and-cons-of-using-an-air-mattress-long-term,air bed is good for sleep; are air mattresses bad for you,"Not pre-classified — research site, decide if worth pursuing."
B-evaluate,usatoday.com,2,/blogs/mattress-buying-guide/pros-and-cons-of-using-an-air-mattress-long-term,air bed is good for sleep; are air mattresses bad for you,"Not pre-classified — research site, decide if worth pursuing."
B-evaluate,stlmattressdirect.com,2,/blogs/mattress-buying-guide/best-mattress-for-pressure-points; /collections/memory-foam-mattresses,bed pressure points; foam memory foam,"Not pre-classified — research site, decide if worth pursuing."
B-evaluate,forbes.com,2,/blogs/mattress-buying-guide/what-is-a-hybrid; /collections/extra-firm-mattresses,extra firm mattress; what is a hybrid mattress,"Not pre-classified — research site, decide if worth pursuing."
B-evaluate,k-bid.com,1,/blogs/mattress-buying-guide/what-to-do-about-a-beautyrest-black-mattress-sagging,beautyrest black series 4 reviews,"Not pre-classified — research site, decide if worth pursuing."
B-evaluate,listful.com,1,/blogs/mattress-buying-guide/what-to-do-about-a-beautyrest-black-mattress-sagging,beautyrest black series 4 reviews,"Not pre-classified — research site, decide if worth pursuing."
B-evaluate,ideal.house,1,/blogs/mattress-buying-guide/what-to-do-about-a-beautyrest-black-mattress-sagging,beautyrest black series 4 reviews,"Not pre-classified — research site, decide if worth pursuing."
B-evaluate,thepinnaclelist.com,1,/blogs/mattress-buying-guide/best-mattress-for-bad-back,beds back pain,"Not pre-classified — research site, decide if worth pursuing."
B-evaluate,gottamentor.com,1,/blogs/mattress-buying-guide/best-mattress-for-bad-back,beds back pain,"Not pre-classified — research site, decide if worth pursuing."
B-evaluate,actionnews5.com,1,/blogs/mattress-buying-guide/serta-vs-beautyrest-mattress-comparison-detailed-guide-2024,beautyrest br800 costco,"Not pre-classified — research site, decide if worth pursuing."
B-evaluate,abc4.com,1,/blogs/mattress-buying-guide/serta-vs-beautyrest-mattress-comparison-detailed-guide-2024,beautyrest br800 costco,"Not pre-classified — research site, decide if worth pursuing."
B-evaluate,azfamily.com,1,/blogs/mattress-buying-guide/serta-vs-beautyrest-mattress-comparison-detailed-guide-2024,beautyrest br800 costco,"Not pre-classified — research site, decide if worth pursuing."
B-evaluate,sleepadvisor.org,1,/blogs/mattress-buying-guide/serta-vs-beautyrest-mattress-comparison-detailed-guide-2024,beautyrest br800 costco,"Not pre-classified — research site, decide if worth pursuing."
B-evaluate,4029tv.com,1,/blogs/mattress-buying-guide/serta-vs-beautyrest-mattress-comparison-detailed-guide-2024,beautyrest br800 costco,"Not pre-classified — research site, decide if worth pursuing."
B-evaluate,gulfcoastnewsnow.com,1,/blogs/mattress-buying-guide/serta-vs-beautyrest-mattress-comparison-detailed-guide-2024,beautyrest br800 costco,"Not pre-classified — research site, decide if worth pursuing."
B-evaluate,bestlifeonline.com,1,/blogs/mattress-buying-guide/serta-vs-beautyrest-mattress-comparison-detailed-guide-2024,beautyrest br800 costco,"Not pre-classified — research site, decide if worth pursuing."
B-evaluate,hip2save.com,1,/blogs/mattress-buying-guide/serta-vs-beautyrest-mattress-comparison-detailed-guide-2024,beautyrest br800 costco,"Not pre-classified — research site, decide if worth pursuing."
B-evaluate,lucasfurniturestore.com,1,/blogs/mattress-buying-guide/best-mattress-for-heavy-people,best mattress for heavy people,"Not pre-classified — research site, decide if worth pursuing."
B-evaluate,secilflex.com,1,/blogs/mattress-buying-guide/best-mattress-for-heavy-people,best mattress for heavy people,"Not pre-classified — research site, decide if worth pursuing."
B-evaluate,norahealth.ai,1,/blogs/mattress-buying-guide/best-mattress-for-heavy-people,best mattress for heavy people,"Not pre-classified — research site, decide if worth pursuing."
B-evaluate,thedrive.com,1,/blogs/mattress-buying-guide/best-mattress-for-heavy-people,best mattress for heavy people,"Not pre-classified — research site, decide if worth pursuing."
B-evaluate,cozybedquarters.com,1,/blogs/mattress-buying-guide/memory-foam-vs-hybrid,all foam vs hybrid mattress,"Not pre-classified — research site, decide if worth pursuing."
B-evaluate,bearmattress.com,1,/blogs/mattress-buying-guide/memory-foam-vs-hybrid,all foam vs hybrid mattress,"Not pre-classified — research site, decide if worth pursuing."
B-evaluate,homedecorfull.com,1,/pages/mattress-sizes,mattress size chart,"Not pre-classified — research site, decide if worth pursuing."
B-evaluate,fmhomeimprovement.com,1,/pages/mattress-sizes,mattress size chart,"Not pre-classified — research site, decide if worth pursuing."
B-evaluate,couponfollow.com,1,/pages/mattress-sizes,king size mattress dimensions,"Not pre-classified — research site, decide if worth pursuing."
B-evaluate,tinyurl.com,1,/blogs/mattress-buying-guide/what-is-the-best-thickness-for-a-memory-foam-mattress,best memory foam mattress consumer reports,"Not pre-classified — research site, decide if worth pursuing."
B-evaluate,myessentia.com,1,/blogs/mattress-buying-guide/what-is-the-best-thickness-for-a-memory-foam-mattress,best memory foam mattress consumer reports,"Not pre-classified — research site, decide if worth pursuing."
B-evaluate,gwern.net,1,/blogs/mattress-buying-guide/what-is-the-best-thickness-for-a-memory-foam-mattress,best memory foam mattress consumer reports,"Not pre-classified — research site, decide if worth pursuing."
B-evaluate,davidwolfe.com,1,/blogs/mattress-buying-guide/what-is-the-best-thickness-for-a-memory-foam-mattress,best memory foam mattress consumer reports,"Not pre-classified — research site, decide if worth pursuing."
B-evaluate,furnituretoday.com,1,/blogs/mattress-buying-guide/what-is-the-best-thickness-for-a-memory-foam-mattress,ashley 10 inch memory foam mattress,"Not pre-classified — research site, decide if worth pursuing."
B-evaluate,adenisetfils.com,1,/blogs/mattress-buying-guide/what-is-the-best-thickness-for-a-memory-foam-mattress,ashley 10 inch memory foam mattress,"Not pre-classified — research site, decide if worth pursuing."
B-evaluate,adsflourish.com,1,/collections/mattresses,bed frame stores,"Not pre-classified — research site, decide if worth pursuing."
B-evaluate,annmariejohn.com,1,/collections/mattresses,bed for sale,"Not pre-classified — research site, decide if worth pursuing."
B-evaluate,fooyoh.com,1,/collections/mattresses,bed for sale,"Not pre-classified — research site, decide if worth pursuing."
B-evaluate,e-architect.com,1,/collections/mattresses,bed for sale,"Not pre-classified — research site, decide if worth pursuing."
B-evaluate,svkoreans.com,1,/products/low-profile-flat-box-spring-mattress-foundation,4 inch foundation,"Not pre-classified — research site, decide if worth pursuing."
B-evaluate,bestsleepcentre.com,1,/products/low-profile-flat-box-spring-mattress-foundation,4 inch foundation,"Not pre-classified — research site, decide if worth pursuing."
B-evaluate,8newsnow.com,1,/collections/tempur-pedic-mattresses,tempurpedic,"Not pre-classified — research site, decide if worth pursuing."
B-evaluate,optimisticmommy.com,1,/collections/tempur-pedic-mattresses,tempurpedic,"Not pre-classified — research site, decide if worth pursuing."
B-evaluate,trip-suggest.com,1,/collections/tempur-pedic-mattresses,tempurpedic,"Not pre-classified — research site, decide if worth pursuing."
B-evaluate,bigcountryhomepage.com,1,/collections/tempur-pedic-mattresses,tempurpedic,"Not pre-classified — research site, decide if worth pursuing."
B-evaluate,prnewswire.com,1,/collections/tempur-pedic-mattresses,tempurpedic,"Not pre-classified — research site, decide if worth pursuing."
B-evaluate,realtyexecutives.com,1,/collections/tempur-pedic-mattresses,tempurpedic,"Not pre-classified — research site, decide if worth pursuing."
B-evaluate,mp.com.sg,1,/collections/tempur-pedic-mattresses,tempur pedic mattress,"Not pre-classified — research site, decide if worth pursuing."
B-evaluate,icbc.com.ar,1,/blogs/mattress-buying-guide/what-is-high-density-foam,colchones de goma espuma de alta densidad,"Not pre-classified — research site, decide if worth pursuing."
B-evaluate,donyanchem.com,1,/blogs/mattress-buying-guide/what-is-high-density-foam,2.0 high density foam,"Not pre-classified — research site, decide if worth pursuing."
B-evaluate,fabric-calculator.com,1,/blogs/mattress-buying-guide/what-is-high-density-foam,2.0 high density foam,"Not pre-classified — research site, decide if worth pursuing."
B-evaluate,housebeautiful.com,1,/collections/bed-in-a-box-mattresses,bed ina box,"Not pre-classified — research site, decide if worth pursuing."
B-evaluate,prunderground.com,1,/collections/bed-in-a-box-mattresses,bed ina box,"Not pre-classified — research site, decide if worth pursuing."
B-evaluate,urbansplatter.com,1,/collections/bed-in-a-box-mattresses,bed ina box,"Not pre-classified — research site, decide if worth pursuing."
B-evaluate,intelligentrelations.com,1,/collections/bed-in-a-box-mattresses,bed ina box,"Not pre-classified — research site, decide if worth pursuing."
B-evaluate,suburbanfurniture.com,1,/blogs/mattress-buying-guide/full-size-mattress-measurements-room-layout-tips,size of full bed,"Not pre-classified — research site, decide if worth pursuing."
B-evaluate,infomercial-reviews.org,1,/blogs/mattress-buying-guide/what-is-innerspring,innerspring mattress,"Not pre-classified — research site, decide if worth pursuing."
B-evaluate,socialbizmagazine.com,1,/blogs/mattress-buying-guide/what-is-innerspring,innerspring mattress,"Not pre-classified — research site, decide if worth pursuing."
B-evaluate,tryrelaxium.com,1,/blogs/mattress-buying-guide/what-is-innerspring,innerspring mattress,"Not pre-classified — research site, decide if worth pursuing."
B-evaluate,mattress-city.com,1,/blogs/mattress-buying-guide/what-is-innerspring,innerspring mattress,"Not pre-classified — research site, decide if worth pursuing."
B-evaluate,bellenews.com,1,/blogs/mattress-buying-guide/what-is-innerspring,innerspring mattress,"Not pre-classified — research site, decide if worth pursuing."
B-evaluate,readspike.com,1,/blogs/mattress-buying-guide/what-is-innerspring,innerspring mattress,"Not pre-classified — research site, decide if worth pursuing."
B-evaluate,lookwhatmomfound.com,1,/blogs/mattress-buying-guide/what-is-innerspring,innerspring mattress,"Not pre-classified — research site, decide if worth pursuing."
B-evaluate,baucemag.com,1,/blogs/mattress-buying-guide/what-is-innerspring,innerspring mattress,"Not pre-classified — research site, decide if worth pursuing."
B-evaluate,womanofmanyroles.com,1,/collections/adjustable-beds,adjustable bed with mattress,"Not pre-classified — research site, decide if worth pursuing."
B-evaluate,tvpcommunications.com,1,/collections/adjustable-beds,adjustable bed with mattress,"Not pre-classified — research site, decide if worth pursuing."
B-evaluate,stylevanity.com,1,/collections/adjustable-beds,adjustable bed with mattress,"Not pre-classified — research site, decide if worth pursuing."
B-evaluate,mommysblockparty.co,1,/collections/adjustable-beds,adjustable bed with mattress,"Not pre-classified — research site, decide if worth pursuing."
B-evaluate,sitescan.com,1,/collections/adjustable-beds,adjustable mattress and frame,"Not pre-classified — research site, decide if worth pursuing."
B-evaluate,mattressunderground.com,1,/collections/adjustable-beds,adjustable mattress and frame,"Not pre-classified — research site, decide if worth pursuing."
B-evaluate,sleeptracker.com,1,/collections/adjustable-beds,adjustable mattress and frame,"Not pre-classified — research site, decide if worth pursuing."
B-evaluate,newsnetmedia.com,1,/pages/mattress-store-locations,mattress stores near me,"Not pre-classified — research site, decide if worth pursuing."
B-evaluate,hotfrog.com,1,/pages/mattress-store-locations,mattress stores near me,"Not pre-classified — research site, decide if worth pursuing."
B-evaluate,secretsearchenginelabs.com,1,/pages/mattress-store-locations,mattress stores near me,"Not pre-classified — research site, decide if worth pursuing."
B-evaluate,nearme.co.za,1,/pages/mattress-store-locations,mattress stores near me,"Not pre-classified — research site, decide if worth pursuing."
B-evaluate,click2houston.com,1,/pages/mattress-store-locations,mattress stores near me,"Not pre-classified — research site, decide if worth pursuing."
B-evaluate,abc13.com,1,/pages/mattress-store-locations,mattress stores near me,"Not pre-classified — research site, decide if worth pursuing."
B-evaluate,nzbeds.co.nz,1,/blogs/mattress-buying-guide/king-vs-california-king,california king dimensions,"Not pre-classified — research site, decide if worth pursuing."
B-evaluate,creativehomeidea.com,1,/blogs/mattress-buying-guide/can-you-put-an-air-mattress-on-a-bed-frame,air mattress with a frame,"Not pre-classified — research site, decide if worth pursuing."
B-evaluate,sleepify.co,1,/blogs/mattress-buying-guide/can-you-put-an-air-mattress-on-a-bed-frame,air mattress with a frame,"Not pre-classified — research site, decide if worth pursuing."
B-evaluate,exponea.com,1,/collections/on-sale,mattress sale,"Not pre-classified — research site, decide if worth pursuing."
B-evaluate,slumbersearch.com,1,/collections/on-sale,mattress mattress sale,"Not pre-classified — research site, decide if worth pursuing."
B-evaluate,al.com,1,/collections/on-sale,mattress mattress sale,"Not pre-classified — research site, decide if worth pursuing."
B-evaluate,lacronica.net,1,/blogs/mattress-buying-guide/is-a-magnetic-mattress-good-for-health,colchón magnetoterapia opiniones,"Not pre-classified — research site, decide if worth pursuing."
B-evaluate,magnetoterapiaem.com,1,/blogs/mattress-buying-guide/is-a-magnetic-mattress-good-for-health,colchón magnetoterapia opiniones,"Not pre-classified — research site, decide if worth pursuing."
B-evaluate,donporque.com,1,/blogs/mattress-buying-guide/is-a-magnetic-mattress-good-for-health,colchón magnetoterapia opiniones,"Not pre-classified — research site, decide if worth pursuing."
B-evaluate,pranam-magnetisme.com,1,/blogs/mattress-buying-guide/is-a-magnetic-mattress-good-for-health,aimant douleur,"Not pre-classified — research site, decide if worth pursuing."
B-evaluate,suptribune.org,1,/blogs/mattress-buying-guide/is-a-magnetic-mattress-good-for-health,aimant douleur,"Not pre-classified — research site, decide if worth pursuing."
B-evaluate,avis-verifies.com,1,/blogs/mattress-buying-guide/is-a-magnetic-mattress-good-for-health,aimant douleur,"Not pre-classified — research site, decide if worth pursuing."
B-evaluate,axstore-market.fr,1,/blogs/mattress-buying-guide/is-a-magnetic-mattress-good-for-health,aimant douleur,"Not pre-classified — research site, decide if worth pursuing."
B-evaluate,lauradesvilleslauradeschamps.fr,1,/blogs/mattress-buying-guide/is-a-magnetic-mattress-good-for-health,aimant douleur,"Not pre-classified — research site, decide if worth pursuing."
B-evaluate,ledemondujeu.com,1,/blogs/mattress-buying-guide/is-a-magnetic-mattress-good-for-health,aimant douleur,"Not pre-classified — research site, decide if worth pursuing."
B-evaluate,antel.fr,1,/blogs/mattress-buying-guide/is-a-magnetic-mattress-good-for-health,aimant douleur,"Not pre-classified — research site, decide if worth pursuing."
B-evaluate,info.fr,1,/blogs/mattress-buying-guide/is-a-magnetic-mattress-good-for-health,aimant douleur,"Not pre-classified — research site, decide if worth pursuing."
B-evaluate,thecoastnews.com,1,/collections/organic-mattress,organic mattress,"Not pre-classified — research site, decide if worth pursuing."
B-evaluate,allthenourishingthings.com,1,/collections/organic-mattress,organic mattress,"Not pre-classified — research site, decide if worth pursuing."
B-evaluate,lusha.com,1,/collections/organic-mattress,organic mattress,"Not pre-classified — research site, decide if worth pursuing."
B-evaluate,belocalpub.com,1,/collections/organic-mattress,organic mattress,"Not pre-classified — research site, decide if worth pursuing."
B-evaluate,pureupholstery.com,1,/collections/organic-mattress,organic mattress,"Not pre-classified — research site, decide if worth pursuing."
B-evaluate,newmitbbs.com,1,/collections/organic-mattress,organic mattress,"Not pre-classified — research site, decide if worth pursuing."
B-evaluate,avocadogreenmattress.ca,1,/collections/organic-mattress,organic mattress,"Not pre-classified — research site, decide if worth pursuing."
B-evaluate,campaignbuzz.io,1,/collections/organic-mattress,organic mattress,"Not pre-classified — research site, decide if worth pursuing."
B-evaluate,powerworkselectric.com,1,/blogs/mattress-buying-guide/what-is-the-size-of-a-queen-mattress,queen size queen size bed,"Not pre-classified — research site, decide if worth pursuing."
B-evaluate,bontrue.in,1,/blogs/mattress-buying-guide/what-is-the-size-of-a-queen-mattress,queen bed size,"Not pre-classified — research site, decide if worth pursuing."
B-evaluate,deepsleep.com.sa,1,/blogs/mattress-buying-guide/what-is-the-size-of-a-queen-mattress,queen bed size,"Not pre-classified — research site, decide if worth pursuing."
B-evaluate,slaapwijsheid.nl,1,/blogs/mattress-buying-guide/the-best-queen-air-mattresses-for-camping-built-in-pump-vs-manual,2 persoons luchtbed met ingebouwde pomp,"Not pre-classified — research site, decide if worth pursuing."
B-evaluate,fijnvoorthuis.nl,1,/blogs/mattress-buying-guide/the-best-queen-air-mattresses-for-camping-built-in-pump-vs-manual,2 persoons luchtbed met ingebouwde pomp,"Not pre-classified — research site, decide if worth pursuing."
B-evaluate,reismuts.nl,1,/blogs/mattress-buying-guide/the-best-queen-air-mattresses-for-camping-built-in-pump-vs-manual,2 persoons luchtbed met ingebouwde pomp,"Not pre-classified — research site, decide if worth pursuing."
B-evaluate,briefingwire.com,1,/blogs/mattress-buying-guide/will-king-sheets-fit-a-california-king-mattress,king sheets for california king,"Not pre-classified — research site, decide if worth pursuing."
B-evaluate,eprnews.com,1,/blogs/mattress-buying-guide/will-king-sheets-fit-a-california-king-mattress,king sheets for california king,"Not pre-classified — research site, decide if worth pursuing."
B-evaluate,apsense.com,1,/blogs/mattress-buying-guide/will-king-sheets-fit-a-california-king-mattress,king sheets for california king,"Not pre-classified — research site, decide if worth pursuing."
B-evaluate,enigma.com,1,/collections/bed-frames,bed place,"Not pre-classified — research site, decide if worth pursuing."
B-evaluate,instya.com,1,/collections/bed-frames,bed place,"Not pre-classified — research site, decide if worth pursuing."
B-evaluate,nacburo.org,1,/blogs/mattress-buying-guide/how-to-flip-a-tempurpedic-mattress,ashley furniture tempur pedic mattress return policy,"Not pre-classified — research site, decide if worth pursuing."
B-evaluate,givemedeals.com,1,/blogs/mattress-buying-guide/how-to-flip-a-tempurpedic-mattress,ashley furniture tempur pedic mattress return policy,"Not pre-classified — research site, decide if worth pursuing."
B-evaluate,nytimes.com,1,/blogs/mattress-buying-guide/how-to-flip-a-tempurpedic-mattress,ashley furniture tempur pedic mattress return policy,"Not pre-classified — research site, decide if worth pursuing."
B-evaluate,ashleyfurniturehomestore.com,1,/blogs/mattress-buying-guide/how-to-flip-a-tempurpedic-mattress,ashley furniture tempur pedic mattress return policy,"Not pre-classified — research site, decide if worth pursuing."
B-evaluate,kensingtonfurniture.com,1,/blogs/mattress-buying-guide/how-to-flip-a-tempurpedic-mattress,ashley furniture tempur pedic mattress return policy,"Not pre-classified — research site, decide if worth pursuing."
B-evaluate,ashleyfurniture.com,1,/blogs/mattress-buying-guide/how-to-flip-a-tempurpedic-mattress,ashley furniture tempur pedic mattress return policy,"Not pre-classified — research site, decide if worth pursuing."
B-evaluate,menshealth.com,1,/collections/mattress-toppers,mattress and toppers,"Not pre-classified — research site, decide if worth pursuing."
B-evaluate,dwell.com,1,/collections/mattress-toppers,mattress and toppers,"Not pre-classified — research site, decide if worth pursuing."
B-evaluate,prevention.com,1,/collections/mattress-toppers,mattress and toppers,"Not pre-classified — research site, decide if worth pursuing."
B-evaluate,shrsl.com,1,/collections/mattress-toppers,mattress and toppers,"Not pre-classified — research site, decide if worth pursuing."
B-evaluate,homesandgardens.com,1,/collections/mattress-toppers,mattress and toppers,"Not pre-classified — research site, decide if worth pursuing."
B-evaluate,nourishandnestle.com,1,/collections/mattress-toppers,mattress and toppers,"Not pre-classified — research site, decide if worth pursuing."
B-evaluate,conversationswithbianca.com,1,/collections/california-king-mattresses,california king mattress,"Not pre-classified — research site, decide if worth pursuing."
B-evaluate,moneysource1.com,1,/collections/california-king-mattresses,california king mattress,"Not pre-classified — research site, decide if worth pursuing."
B-evaluate,articlesblogger.com,1,/collections/california-king-mattresses,california king mattress,"Not pre-classified — research site, decide if worth pursuing."
B-evaluate,newsanyway.com,1,/collections/california-king-mattresses,california king mattress,"Not pre-classified — research site, decide if worth pursuing."
B-evaluate,clancymoving.com,1,/blogs/mattress-buying-guide/how-to-clean-urine-from-tempurpedic-mattress,how to clean a tempurpedic mattress,"Not pre-classified — research site, decide if worth pursuing."
B-evaluate,mattressnut.com,1,/blogs/mattress-buying-guide/how-to-clean-urine-from-tempurpedic-mattress,how to clean a tempurpedic mattress,"Not pre-classified — research site, decide if worth pursuing."
B-evaluate,movingscam.com,1,/blogs/mattress-buying-guide/how-to-clean-urine-from-tempurpedic-mattress,how to clean a tempurpedic mattress,"Not pre-classified — research site, decide if worth pursuing."
B-evaluate,gimpsy.com,1,/,shop mattresses,"Not pre-classified — research site, decide if worth pursuing."
B-evaluate,mattresswarehouse.com,1,/collections/mattress-protector,bed cover mattress,"Not pre-classified — research site, decide if worth pursuing."
B-evaluate,sixtyandme.com,1,/collections/mattress-protector,bed cover mattress,"Not pre-classified — research site, decide if worth pursuing."
B-evaluate,webreus.net,1,/collections/mattress-protector,bed cover mattress,"Not pre-classified — research site, decide if worth pursuing."
B-evaluate,tscentral.com,1,/collections/stearns-foster-mattresses,stearns and foster,"Not pre-classified — research site, decide if worth pursuing."
B-evaluate,thesleepshopinc.com,1,/collections/stearns-foster-mattresses,stearns and foster,"Not pre-classified — research site, decide if worth pursuing."
B-evaluate,coolhunting.com,1,/collections/stearns-foster-mattresses,stearns and foster,"Not pre-classified — research site, decide if worth pursuing."
B-evaluate,vinsonfinefurniture.com,1,/collections/stearns-foster-mattresses,stearns and foster,"Not pre-classified — research site, decide if worth pursuing."
B-evaluate,gamblingpedia.co.uk,1,/blogs/sleep-blog/choosing-the-right-tent-size-for-your-queen-mattress,family x sleep.8 mattress,"Not pre-classified — research site, decide if worth pursuing."
B-evaluate,meilleurtest.fr,1,/blogs/sleep-blog/choosing-the-right-tent-size-for-your-queen-mattress,family x sleep.8 mattress,"Not pre-classified — research site, decide if worth pursuing."
B-evaluate,substack.com,1,/blogs/sleep-blog/choosing-the-right-tent-size-for-your-queen-mattress,family x sleep.8 mattress,"Not pre-classified — research site, decide if worth pursuing."
B-evaluate,consumerrights.wiki,1,/blogs/sleep-blog/choosing-the-right-tent-size-for-your-queen-mattress,family x sleep.8 mattress,"Not pre-classified — research site, decide if worth pursuing."
B-evaluate,transistor.fm,1,/blogs/sleep-blog/choosing-the-right-tent-size-for-your-queen-mattress,family x sleep.8 mattress,"Not pre-classified — research site, decide if worth pursuing."
B-evaluate,carltonbale.com,1,/blogs/sleep-blog/choosing-the-right-tent-size-for-your-queen-mattress,family x sleep.8 mattress,"Not pre-classified — research site, decide if worth pursuing."
B-evaluate,kagi.com,1,/blogs/sleep-blog/choosing-the-right-tent-size-for-your-queen-mattress,family x sleep.8 mattress,"Not pre-classified — research site, decide if worth pursuing."
B-evaluate,brutalist.report,1,/blogs/sleep-blog/choosing-the-right-tent-size-for-your-queen-mattress,family x sleep.8 mattress,"Not pre-classified — research site, decide if worth pursuing."
B-evaluate,scottgraffius.com,1,/blogs/sleep-blog/choosing-the-right-tent-size-for-your-queen-mattress,family x sleep.8 mattress,"Not pre-classified — research site, decide if worth pursuing."
B-evaluate,lifehacker.com,1,/blogs/mattress-buying-guide/pros-and-cons-of-using-an-air-mattress-long-term,air bed is good for sleep,"Not pre-classified — research site, decide if worth pursuing."
B-evaluate,wikihow.com,1,/blogs/mattress-buying-guide/pros-and-cons-of-using-an-air-mattress-long-term,air bed is good for sleep,"Not pre-classified — research site, decide if worth pursuing."
B-evaluate,dreamden.ai,1,/collections/memory-foam-mattresses,foam memory foam,"Not pre-classified — research site, decide if worth pursuing."
B-evaluate,impactful.ninja,1,/collections/memory-foam-mattresses,foam memory foam,"Not pre-classified — research site, decide if worth pursuing."
B-evaluate,canun.pl,1,/collections/memory-foam-mattresses,foam memory foam,"Not pre-classified — research site, decide if worth pursuing."
B-evaluate,ourfamilylifestyle.com,1,/collections/memory-foam-mattresses,foam memory foam,"Not pre-classified — research site, decide if worth pursuing."
B-evaluate,zorghulpmiddeleninfo.com,1,/collections/memory-foam-mattresses,foam memory foam,"Not pre-classified — research site, decide if worth pursuing."
B-evaluate,thewaywardhome.com,1,/collections/memory-foam-mattresses,foam memory foam,"Not pre-classified — research site, decide if worth pursuing."
B-evaluate,niloblog.com,1,/collections/memory-foam-mattresses,foam memory foam,"Not pre-classified — research site, decide if worth pursuing."
B-evaluate,migliohome.com,1,/collections/memory-foam-mattresses,foam memory foam,"Not pre-classified — research site, decide if worth pursuing."
B-evaluate,campaddict.com,1,/collections/memory-foam-mattresses,foam memory foam,"Not pre-classified — research site, decide if worth pursuing."
B-evaluate,sunsgoods.com,1,/collections/memory-foam-mattresses,foam memory foam,"Not pre-classified — research site, decide if worth pursuing."
B-evaluate,mymove.com,1,/blogs/mattress-buying-guide/best-mattress-covers-for-allergies,allergenic mattress covers,"Not pre-classified — research site, decide if worth pursuing."
B-evaluate,adme.media,1,/blogs/mattress-buying-guide/best-mattress-covers-for-allergies,allergenic mattress covers,"Not pre-classified — research site, decide if worth pursuing."
B-evaluate,flexhouse.org,1,/blogs/mattress-buying-guide/best-mattress-covers-for-allergies,allergenic mattress covers,"Not pre-classified — research site, decide if worth pursuing."
B-evaluate,aaaheatingandcoolinginc.com,1,/blogs/mattress-buying-guide/best-mattress-covers-for-allergies,allergenic mattress covers,"Not pre-classified — research site, decide if worth pursuing."
B-evaluate,citycast.fm,1,/blogs/mattress-buying-guide/best-mattress-covers-for-allergies,allergenic mattress covers,"Not pre-classified — research site, decide if worth pursuing."
B-evaluate,draperandkramer.com,1,/blogs/mattress-buying-guide/best-mattress-covers-for-allergies,allergenic mattress covers,"Not pre-classified — research site, decide if worth pursuing."
B-evaluate,paulyoungmd.com,1,/blogs/mattress-buying-guide/best-mattress-covers-for-allergies,allergenic mattress covers,"Not pre-classified — research site, decide if worth pursuing."
B-evaluate,podcasts-online.org,1,/blogs/mattress-buying-guide/best-mattress-covers-for-allergies,allergenic mattress covers,"Not pre-classified — research site, decide if worth pursuing."
B-evaluate,countryliving.com,1,/blogs/mattress-buying-guide/best-black-friday-deals-on-furniture,bed black friday,"Not pre-classified — research site, decide if worth pursuing."
B-evaluate,signalscv.com,1,/blogs/mattress-buying-guide/best-black-friday-deals-on-furniture,bed black friday,"Not pre-classified — research site, decide if worth pursuing."
B-evaluate,womenshealthmag.com,1,/blogs/mattress-buying-guide/best-black-friday-deals-on-furniture,bed black friday,"Not pre-classified — research site, decide if worth pursuing."
B-evaluate,sleepcoaching.com,1,/collections/king-size-mattresses,king mattress,"Not pre-classified — research site, decide if worth pursuing."
B-evaluate,cstc.ac.th,1,/collections/king-size-mattresses,king mattress,"Not pre-classified — research site, decide if worth pursuing."
B-evaluate,carpenter.com,1,/blogs/mattress-care-tips/how-to-put-a-mattress-back-in-a-box,bed in a box packaging,"Not pre-classified — research site, decide if worth pursuing."
B-evaluate,createtoday.io,1,/blogs/mattress-care-tips/how-to-put-a-mattress-back-in-a-box,bed in a box packaging,"Not pre-classified — research site, decide if worth pursuing."
B-evaluate,fixmydecor.com,1,/blogs/mattress-care-tips/how-to-put-a-mattress-back-in-a-box,bed in a box packaging,"Not pre-classified — research site, decide if worth pursuing."
B-evaluate,bukupink.my,1,/blogs/sleep-blog/how-to-elevate-crib-mattress-for-congestion,aap guidance elevate head of crib for congestion not recommended,"Not pre-classified — research site, decide if worth pursuing."
B-evaluate,japanesehealth.org,1,/blogs/sleep-blog/how-to-elevate-crib-mattress-for-congestion,aap guidance elevate head of crib for congestion not recommended,"Not pre-classified — research site, decide if worth pursuing."
B-evaluate,iliveok.com,1,/blogs/sleep-blog/how-to-elevate-crib-mattress-for-congestion,aap guidance elevate head of crib for congestion not recommended,"Not pre-classified — research site, decide if worth pursuing."
B-evaluate,cradlewise.com,1,/blogs/sleep-blog/how-to-elevate-crib-mattress-for-congestion,aap guidance elevate head of crib for congestion not recommended,"Not pre-classified — research site, decide if worth pursuing."
B-evaluate,heroi-do-sono.pt,1,/blogs/sleep-blog/how-to-elevate-crib-mattress-for-congestion,aap guidance elevate head of crib for congestion not recommended,"Not pre-classified — research site, decide if worth pursuing."
B-evaluate,elytis-hospital.ro,1,/blogs/sleep-blog/how-to-elevate-crib-mattress-for-congestion,aap guidance elevate head of crib for congestion not recommended,"Not pre-classified — research site, decide if worth pursuing."
B-evaluate,alo.rs,1,/blogs/mattress-buying-guide/are-low-beds-better-for-your-back-discover-the-ergonomic-health-benefits,are low beds better for your back,"Not pre-classified — research site, decide if worth pursuing."
B-evaluate,divany.hu,1,/blogs/mattress-buying-guide/are-low-beds-better-for-your-back-discover-the-ergonomic-health-benefits,are low beds better for your back,"Not pre-classified — research site, decide if worth pursuing."
B-evaluate,beehiiv.com,1,/blogs/mattress-buying-guide/are-low-beds-better-for-your-back-discover-the-ergonomic-health-benefits,are low beds better for your back,"Not pre-classified — research site, decide if worth pursuing."
B-evaluate,vilbel.ee,1,/blogs/mattress-buying-guide/are-low-beds-better-for-your-back-discover-the-ergonomic-health-benefits,are low beds better for your back,"Not pre-classified — research site, decide if worth pursuing."
B-evaluate,thecutlist.com,1,/collections/helix-mattresses,helix mattress,"Not pre-classified — research site, decide if worth pursuing."
B-evaluate,mangrov.com,1,/collections/helix-mattresses,helix mattress,"Not pre-classified — research site, decide if worth pursuing."
B-evaluate,letsloop.com,1,/collections/helix-mattresses,helix,"Not pre-classified — research site, decide if worth pursuing."
B-evaluate,aviahealth.com,1,/collections/helix-mattresses,helix,"Not pre-classified — research site, decide if worth pursuing."
B-evaluate,hitlab.org,1,/collections/helix-mattresses,helix,"Not pre-classified — research site, decide if worth pursuing."
B-evaluate,edwardbetts.com,1,/collections/helix-mattresses,helix,"Not pre-classified — research site, decide if worth pursuing."
B-evaluate,festivall-app.com,1,/collections/helix-mattresses,helix,"Not pre-classified — research site, decide if worth pursuing."
B-evaluate,markhamtalent.ca,1,/collections/helix-mattresses,helix,"Not pre-classified — research site, decide if worth pursuing."
B-evaluate,wpengine.com,1,/collections/helix-mattresses,helix,"Not pre-classified — research site, decide if worth pursuing."
B-evaluate,yamaha.com,1,/collections/helix-mattresses,helix,"Not pre-classified — research site, decide if worth pursuing."
B-evaluate,melodicrock.com,1,/collections/helix-mattresses,helix,"Not pre-classified — research site, decide if worth pursuing."
B-evaluate,worddisk.com,1,/collections/helix-mattresses,helix,"Not pre-classified — research site, decide if worth pursuing."
B-evaluate,myrockshows.com,1,/collections/helix-mattresses,helix,"Not pre-classified — research site, decide if worth pursuing."
B-evaluate,bobthesquirrel.com,1,/collections/helix-mattresses,helix,"Not pre-classified — research site, decide if worth pursuing."
B-evaluate,mymusicstream.com,1,/collections/helix-mattresses,helix,"Not pre-classified — research site, decide if worth pursuing."
B-evaluate,slightwave.com,1,/collections/extra-firm-mattresses,extra firm mattress,"Not pre-classified — research site, decide if worth pursuing."
B-evaluate,cnet.com,1,/collections/extra-firm-mattresses,extra firm mattress,"Not pre-classified — research site, decide if worth pursuing."
B-evaluate,roomstogokids.com,1,/blogs/mattress-buying-guide/what-is-the-standard-size-of-a-full-bed,bed full size,"Not pre-classified — research site, decide if worth pursuing."
B-evaluate,slonebrothers.com,1,/blogs/mattress-buying-guide/best-mattress-for-pressure-points,bed pressure points,"Not pre-classified — research site, decide if worth pursuing."
B-evaluate,babyboomer.org,1,/blogs/mattress-buying-guide/what-is-a-hybrid,what is a hybrid mattress,"Not pre-classified — research site, decide if worth pursuing."
B-evaluate,sacramentofurniturestore.co,1,/blogs/mattress-buying-guide/what-is-a-hybrid,what is a hybrid mattress,"Not pre-classified — research site, decide if worth pursuing."
B-evaluate,aitoro.com,1,/blogs/mattress-buying-guide/what-is-a-hybrid,what is a hybrid mattress,"Not pre-classified — research site, decide if worth pursuing."
B-evaluate,colders.com,1,/blogs/mattress-buying-guide/bed-in-a-box-vs-traditional-mattress-pros-and-cons,are mattress in a box any good,"Not pre-classified — research site, decide if worth pursuing."
B-evaluate,uttercoupons.com,1,/blogs/mattress-buying-guide/serta-pedic-vs-tempurpedic-why-tempurpedic-is-the-better-option,arc'teryx vs tempur-pedic,"Not pre-classified — research site, decide if worth pursuing."
B-evaluate,yalnizmp3.ws,1,/blogs/mattress-buying-guide/serta-pedic-vs-tempurpedic-why-tempurpedic-is-the-better-option,arc'teryx vs tempur-pedic,"Not pre-classified — research site, decide if worth pursuing."
B-evaluate,couponifier.com,1,/,mattress stores,"Not pre-classified — research site, decide if worth pursuing."
B-evaluate,beds.org,1,/,mattress stores,"Not pre-classified — research site, decide if worth pursuing."
B-evaluate,datagemba.com,1,/,mattress stores,"Not pre-classified — research site, decide if worth pursuing."
B-evaluate,westpestco.com,1,/blogs/sleep-health/can-cockroaches-live-in-a-mattress,if you find a roach in your house is there more,"Not pre-classified — research site, decide if worth pursuing."
B-evaluate,fastbot.de,1,/blogs/sleep-health/can-cockroaches-live-in-a-mattress,if you find a roach in your house is there more,"Not pre-classified — research site, decide if worth pursuing."
B-evaluate,ortho.com,1,/blogs/sleep-health/can-cockroaches-live-in-a-mattress,if you find a roach in your house is there more,"Not pre-classified — research site, decide if worth pursuing."
B-evaluate,bugs.guide,1,/blogs/sleep-health/can-cockroaches-live-in-a-mattress,if you find a roach in your house is there more,"Not pre-classified — research site, decide if worth pursuing."
B-evaluate,fullscopepestcontrol.com,1,/blogs/sleep-health/can-cockroaches-live-in-a-mattress,if you find a roach in your house is there more,"Not pre-classified — research site, decide if worth pursuing."
B-evaluate,worldwebs.com,1,/collections/latex-mattresses,latex mattress,"Not pre-classified — research site, decide if worth pursuing."
B-evaluate,mobilehomeliving.org,1,/collections/latex-mattresses,latex mattress,"Not pre-classified — research site, decide if worth pursuing."
B-evaluate,pressfolios.com,1,/collections/latex-mattresses,latex mattress,"Not pre-classified — research site, decide if worth pursuing."
B-evaluate,globenewswire.com,1,/collections/latex-mattresses,latex mattress,"Not pre-classified — research site, decide if worth pursuing."
B-evaluate,lifeinflux.com,1,/collections/latex-mattresses,latex mattress,"Not pre-classified — research site, decide if worth pursuing."
B-evaluate,home.blog,1,/collections/latex-mattresses,latex mattress,"Not pre-classified — research site, decide if worth pursuing."
B-evaluate,salaryguide.com,1,/blogs/mattress-buying-guide/sealy-vs-beautyrest-mattresses,beautyrest black vs saatva,"Not pre-classified — research site, decide if worth pursuing."
B-evaluate,shopjkl.com,1,/blogs/mattress-buying-guide/sealy-vs-beautyrest-mattresses,beautyrest black vs saatva,"Not pre-classified — research site, decide if worth pursuing."
B-evaluate,sizes.com,1,/blogs/mattress-buying-guide/best-mattresses-for-3-quarter-size-beds,3 quarter bed size,"Not pre-classified — research site, decide if worth pursuing."
B-evaluate,hunker.com,1,/blogs/mattress-buying-guide/best-mattresses-for-3-quarter-size-beds,3 quarter bed size,"Not pre-classified — research site, decide if worth pursuing."
B-evaluate,qisforquandie.com,1,/blogs/mattress-buying-guide/best-mattresses-for-3-quarter-size-beds,3 quarter bed size,"Not pre-classified — research site, decide if worth pursuing."
B-evaluate,securespace.com,1,/blogs/mattress-buying-guide/best-mattresses-for-3-quarter-size-beds,3 4 size bed mattress,"Not pre-classified — research site, decide if worth pursuing."
B-evaluate,postach.io,1,/blogs/mattress-care-tips/how-to-deflate-an-intex-air-mattress,air bed won't deflate,"Not pre-classified — research site, decide if worth pursuing."
B-evaluate,loginslink.com,1,/blogs/mattress-buying-guide/adjustable-queen-mattresses-are-they-worth-it-pros-cons,adjustable queen bed and mattress,"Not pre-classified — research site, decide if worth pursuing."
B-evaluate,domesticationsbedding.com,1,/blogs/mattress-buying-guide/adjustable-queen-mattresses-are-they-worth-it-pros-cons,adjustable queen bed and mattress,"Not pre-classified — research site, decide if worth pursuing."
B-evaluate,betweennapsontheporch.net,1,/blogs/mattress-buying-guide/adjustable-queen-mattresses-are-they-worth-it-pros-cons,adjustable queen bed and mattress,"Not pre-classified — research site, decide if worth pursuing."
B-evaluate,myprosandcons.com,1,/blogs/mattress-buying-guide/adjustable-queen-mattresses-are-they-worth-it-pros-cons,adjustable queen bed and mattress,"Not pre-classified — research site, decide if worth pursuing."
B-evaluate,camporacity.it,1,/pages/koreatown-best-mattress-store,bed frame king near me,"Not pre-classified — research site, decide if worth pursuing."
B-evaluate,intently.co,1,/pages/koreatown-best-mattress-store,bed frame king near me,"Not pre-classified — research site, decide if worth pursuing."
B-niche,deialiving.com,23,/blogs/mattress-buying-guide/full-size-bed-dimensions-width-couples; /blogs/mattress-buying-guide/full-size-mattress-measurements-room-layout-tips; /blogs/mattress-buying-guide/full-vs-queen-mattress; /blogs/mattress-buying-guide/how-much-space-does-a-full-size-mattress-really-give-you; /blogs/mattress-buying-guide/queen-mattress-size-guide-inches-feet-how-to-pick-the-perfect-fit,60x80 bed size; bed dimensions feet; full bed dimensions; full bed size; full mattress dimensions; full size bed dimensions; full size mattress dimensions; how big is a full size bed,Lifestyle/home-decor blog. Worth a guest-post pitch.
B-niche,mondoro.com,23,/blogs/mattress-buying-guide/full-size-bed-dimensions-width-couples; /blogs/mattress-buying-guide/full-size-mattress-measurements-room-layout-tips; /blogs/mattress-buying-guide/full-vs-queen-mattress; /blogs/mattress-buying-guide/how-much-space-does-a-full-size-mattress-really-give-you; /blogs/mattress-buying-guide/queen-mattress-size-guide-inches-feet-how-to-pick-the-perfect-fit,60x80 bed size; bed dimensions feet; full bed dimensions; full bed size; full mattress dimensions; full size bed dimensions; full size mattress dimensions; how big is a full size bed,B2B furniture sourcing blog. Less SEO value vs consumer pubs; pitch a manufacturing-quality piece if you have one.
B-niche,loveyourjester.com,12,/blogs/mattress-buying-guide/full-size-bed-dimensions-width-couples; /blogs/mattress-buying-guide/full-size-mattress-measurements-room-layout-tips; /blogs/mattress-buying-guide/full-vs-queen-mattress; /blogs/mattress-buying-guide/how-much-space-does-a-full-size-mattress-really-give-you; /blogs/mattress-buying-guide/what-is-the-size-of-a-queen-mattress,full bed dimensions; full bed size; full vs queen size; how big is a full size bed; how big is a queen size bed; how wide is a queen bed; queen bed size; size a full bed,Small lifestyle blog. Pitch a sleep-tips guest post.
B-niche,milled.com,10,/blogs/sleep-blog/choosing-the-right-tent-size-for-your-queen-mattress; /collections/bed-frames; /collections/helix-mattresses; /collections/mattresses; /collections/on-sale,bed frame king near me; bed frame stores; bed frames bear me; family x sleep.8 mattress; helix; helix mattress; mattress mattress sale; mattress sale,Email-newsletter archive. Listing happens automatically when retailers send promotional emails — no outreach needed.
C-competitor,nationalmattress.ca,30,/blogs/mattress-buying-guide/are-low-beds-better-for-your-back-discover-the-ergonomic-health-benefits; /blogs/mattress-buying-guide/bed-in-a-box-vs-traditional-mattress-pros-and-cons; /blogs/mattress-buying-guide/best-mattress-for-bad-back; /blogs/mattress-buying-guide/full-size-bed-dimensions-width-couples; /blogs/mattress-buying-guide/full-size-mattress-measurements-room-layout-tips,are low beds better for your back; are mattress in a box any good; are spring mattresses bad for your back; beautyrest black series 4 reviews; bed dimensions feet; beds back pain; best memory foam mattress consumer reports; double bed size,Canadian mattress competitor. Unlikely to link; geo mismatch.
C-competitor,biltritefurniture.com,5,/blogs/mattress-buying-guide/what-is-the-size-of-a-twin-mattress; /pages/mattress-sizes,size twin bed dimensions; twin bed size; twin mattress dimensions; twin mattress size; twin size bed dimensions,NY furniture competitor. Won't link.
C-competitor,jamesandjamesfurniture.com,3,/blogs/mattress-buying-guide/king-vs-california-king,california king dimensions; california king vs king; king vs california king,UK furniture competitor. Geo + competition mismatch.
C-low-value,alibaba.com,5,/blogs/mattress-buying-guide/pros-and-cons-of-using-an-air-mattress-long-term; /blogs/mattress-buying-guide/queen-mattress-size-guide-inches-feet-how-to-pick-the-perfect-fit; /blogs/mattress-buying-guide/what-is-high-density-foam; /blogs/mattress-buying-guide/what-is-the-size-of-a-queen-mattress,2.0 high density foam; air mattress vs blender; queen mattress dimensions; queen mattress size; queen size mattress dimensions,Supplier directory. Marginal SEO value.
C-low-value,sourcifychina.com,2,/blogs/mattress-buying-guide/adjustable-queen-mattresses-are-they-worth-it-pros-cons; /collections/memory-foam-mattresses,adjustable queen bed and mattress; foam memory foam,B2B supplier marketplace; wrong audience.
D-noise,one-tab.com,26,/blogs/mattress-buying-guide/best-mattresses-for-3-quarter-size-beds; /blogs/mattress-buying-guide/full-size-bed-dimensions-width-couples; /blogs/mattress-buying-guide/full-size-mattress-measurements-room-layout-tips; /blogs/mattress-buying-guide/full-vs-queen-mattress; /blogs/mattress-buying-guide/how-bigs-a-double-bed,3 quarter bed size; bed dimensions feet; bed size chart; bed sizes chart; california king dimensions; double bed size; full bed dimensions; full bed size,Browser-extension tab collections. No SEO value.
D-noise,nuxx.net,26,/blogs/mattress-buying-guide/best-mattresses-for-3-quarter-size-beds; /blogs/mattress-buying-guide/full-size-bed-dimensions-width-couples; /blogs/mattress-buying-guide/full-size-mattress-measurements-room-layout-tips; /blogs/mattress-buying-guide/full-vs-queen-mattress; /blogs/mattress-buying-guide/how-bigs-a-double-bed,3 quarter bed size; bed dimensions feet; bed size chart; bed sizes chart; california king dimensions; double bed size; full bed dimensions; full bed size,Personal tech blog. Off-topic; skip.
D-noise,emailinspire.com,23,/blogs/mattress-buying-guide/are-low-beds-better-for-your-back-discover-the-ergonomic-health-benefits; /blogs/mattress-buying-guide/best-mattress-for-pressure-points; /blogs/mattress-buying-guide/full-size-bed-dimensions-width-couples; /blogs/mattress-buying-guide/full-size-mattress-measurements-room-layout-tips; /blogs/mattress-buying-guide/full-vs-queen-mattress,4 inch foundation; are low beds better for your back; bed cover mattress; bed dimensions feet; bed pressure points; double bed size; family x sleep.8 mattress; full bed dimensions,Email-template marketplace. Off-topic.
D-noise,hol.es,18,/blogs/mattress-buying-guide/full-size-bed-dimensions-width-couples; /blogs/mattress-buying-guide/full-size-mattress-measurements-room-layout-tips; /blogs/mattress-buying-guide/full-vs-queen-mattress; /blogs/mattress-buying-guide/how-bigs-a-double-bed; /blogs/mattress-buying-guide/how-much-space-does-a-full-size-mattress-really-give-you,60x80 bed size; double bed size; full bed dimensions; full bed size; full vs queen size; how big is a full size bed; how big is a queen size bed; how wide is a queen bed,"Spanish-language site, geo + language mismatch."
D-noise,rioseo.com,17,/; /blogs/mattress-buying-guide/what-does-medium-firm-mattress-mean-understanding-firmness-levels-for-perfect-sleep; /blogs/mattress-buying-guide/what-is-the-standard-size-of-a-full-bed; /collections/adjustable-beds; /collections/on-sale,60x80 bed size; adjustable mattress and frame; bed size chart; bed sizes chart; full size bed dimensions; king mattress size; king size measurement mattress; mattress mattress sale,Local SEO tooling vendor. Off-topic.
D-noise,parse.gl,12,/blogs/mattress-buying-guide/adjustable-queen-mattresses-are-they-worth-it-pros-cons; /blogs/mattress-buying-guide/avocado-vs-tempur-pedic; /blogs/mattress-buying-guide/bed-in-a-box-vs-traditional-mattress-pros-and-cons; /blogs/mattress-buying-guide/best-mattress-for-bad-back; /blogs/mattress-buying-guide/spring-vs-foam-mattress-back-pain#which-is-better-by-sleep-position,adjustable bed with mattress; adjustable mattress and frame; adjustable queen bed and mattress; are mattress in a box any good; are spring mattresses bad for your back; avocado vs naturepedic mattress; bed for sale; beds back pain,URL utility / parser. No SEO value.
D-noise,keywordseverywhere.com,11,/blogs/mattress-buying-guide/adjustable-queen-mattresses-are-they-worth-it-pros-cons; /blogs/mattress-buying-guide/best-mattress-for-heavy-people; /blogs/mattress-buying-guide/memory-foam-vs-hybrid; /blogs/mattress-buying-guide/spring-vs-foam-mattress-back-pain#which-is-better-by-sleep-position; /blogs/mattress-buying-guide/what-does-medium-firm-mattress-mean-understanding-firmness-levels-for-perfect-sleep,adjustable bed with mattress; adjustable queen bed and mattress; all foam vs hybrid mattress; are spring mattresses bad for your back; best mattress for heavy people; foam memory foam; innerspring mattress; latex mattress,"SEO tool. Their backlinks are from app installs, not editorial."
D-noise,accio.com,11,/blogs/mattress-buying-guide/are-low-beds-better-for-your-back-discover-the-ergonomic-health-benefits; /blogs/mattress-buying-guide/can-you-put-an-air-mattress-on-a-bed-frame; /blogs/mattress-buying-guide/how-much-space-does-a-full-size-mattress-really-give-you; /blogs/mattress-buying-guide/is-a-magnetic-mattress-good-for-health; /blogs/mattress-buying-guide/pros-and-cons-of-using-an-air-mattress-long-term,aimant douleur; air bed is good for sleep; air mattress with a frame; are air mattresses bad for you; are low beds better for your back; bed full size; best memory foam mattress consumer reports; foam memory foam,AI shopping assistant. No editorial backlink path.
D-noise,grokipedia.com,9,/blogs/mattress-buying-guide/best-mattress-covers-for-allergies; /blogs/mattress-buying-guide/king-vs-california-king; /blogs/mattress-buying-guide/pros-and-cons-of-using-an-air-mattress-long-term; /blogs/mattress-care-tips/how-to-deflate-an-intex-air-mattress; /blogs/sleep-health/can-cockroaches-live-in-a-mattress,air bed won't deflate; allergenic mattress covers; are air mattresses bad for you; bed dimensions feet; bed size chart; bed sizes chart; california king dimensions; if you find a roach in your house is there more,New wiki-style platform. Marginal authority.
D-noise,emailsnest.com,7,/; /blogs/mattress-buying-guide/what-does-medium-firm-mattress-mean-understanding-firmness-levels-for-perfect-sleep; /blogs/sleep-blog/choosing-the-right-tent-size-for-your-queen-mattress; /collections/adjustable-beds; /collections/mattresses,adjustable mattress and frame; bed frame stores; family x sleep.8 mattress; mattress mattress sale; mattress sales; mattress store; medium firm mattress,Email-archive site. Same as milled.com — automatic.
D-noise,glarity.app,7,/blogs/mattress-buying-guide/adjustable-queen-mattresses-are-they-worth-it-pros-cons; /blogs/mattress-buying-guide/what-is-high-density-foam; /blogs/mattress-buying-guide/what-is-the-size-of-a-twin-mattress; /collections/adjustable-beds; /pages/mattress-store-in-glendale,2.0 high density foam; adjustable bed with mattress; adjustable mattress and frame; adjustable queen bed and mattress; bed frame twin; twin mattress dimensions; twin mattress size,AI summarizer app. No editorial backlink path.
D-noise,gaminodena.com,3,/collections/bed-frames; /collections/mattresses,bed for sale; bed frame stores; bed frames bear me,Unclear / personal blog. Skip unless researched.
D-search,bing.com,44,/blogs/mattress-buying-guide/best-black-friday-deals-on-furniture; /blogs/mattress-buying-guide/how-much-space-does-a-full-size-mattress-really-give-you; /blogs/mattress-buying-guide/how-to-flip-a-tempurpedic-mattress; /blogs/mattress-buying-guide/king-vs-california-king; /blogs/mattress-buying-guide/queen-mattress-size-guide-inches-feet-how-to-pick-the-perfect-fit,2.0 high density foam; adjustable bed with mattress; adjustable mattress and frame; ashley furniture tempur pedic mattress return policy; beautyrest br800 costco; bed black friday; bed for sale; bed frame king near me,"Search engine, not a backlink path. Skip."
D-self,mattressstoreslosangeles.com,19,/blogs/mattress-buying-guide/best-mattress-covers-for-allergies; /blogs/mattress-buying-guide/best-mattress-for-heavy-people; /blogs/mattress-buying-guide/best-mattress-for-pressure-points; /blogs/mattress-buying-guide/can-you-put-an-air-mattress-on-a-bed-frame; /blogs/mattress-buying-guide/how-to-clean-urine-from-tempurpedic-mattress,2.0 high density foam; 4 inch foundation; aap guidance elevate head of crib for congestion not recommended; air mattress with a frame; allergenic mattress covers; arc'teryx vs tempur-pedic; are spring mattresses bad for your back; bed cover mattress,YOUR OWN DOMAIN — Semrush self-reference bug. Skip.
