url,keyword,missing_in_title,missing_in_h1,missing_in_meta_desc,missing_in_body,current_seo_title,current_seo_description
/,mattress sales,Y,Y,Y,Y,,
/,mattress store,Y,,,,,
/,shop mattresses,Y,Y,Y,,,
/blogs/mattress-buying-guide/adjustable-queen-mattresses-are-they-worth-it-pros-cons,adjustable queen bed and mattress,Y,Y,,,Adjustable Queen Mattresses: Are They Worth It?,
/blogs/mattress-buying-guide/best-black-friday-deals-on-furniture,bed black friday,Y,Y,,,Best Black Friday Deals on Furniture & Beds: What to Look For,
/blogs/mattress-buying-guide/best-mattress-for-pressure-points,bed pressure points,Y,Y,,,Best Mattress for Pressure Points,
/blogs/mattress-buying-guide/full-size-bed-dimensions-width-couples,full bed dimensions,Y,Y,,Y,Full Size Bed Dimensions: How Wide Is a Full Size Bed?,
/blogs/mattress-buying-guide/full-size-mattress-measurements-room-layout-tips,size of full bed,Y,Y,,Y,"Full-Size Mattress Dimensions, Room Layout Tips & Who It's Actually For",
/blogs/mattress-buying-guide/full-vs-queen-mattress,how big is a full size bed,Y,Y,,,Full vs Queen Mattress: Size Comparison & Dimensions Guide (2026),
/blogs/mattress-buying-guide/heated-mattress-pads-for-queen-beds-cozy-winter-must-haves,alas kasur springbed,Y,Y,Y,Y,Heated Mattress Pads for Queen Beds: What to Know Before You Buy,
/blogs/mattress-buying-guide/how-bigs-a-double-bed,double bed size,,,Y,,How Big Is a Double Bed? Full Double Bed Size Guide,
/blogs/mattress-buying-guide/how-much-space-does-a-full-size-mattress-really-give-you,full bed size,Y,Y,,Y,How Much Space Does a Full Size Mattress Really Give You?,
/blogs/mattress-buying-guide/how-much-space-does-a-full-size-mattress-really-give-you,full mattress dimensions,Y,Y,,Y,How Much Space Does a Full Size Mattress Really Give You?,
/blogs/mattress-buying-guide/how-much-space-does-a-full-size-mattress-really-give-you,full size mattress dimensions,Y,Y,,,How Much Space Does a Full Size Mattress Really Give You?,
/blogs/mattress-buying-guide/how-much-space-does-a-full-size-mattress-really-give-you,size a full bed,Y,Y,,Y,How Much Space Does a Full Size Mattress Really Give You?,
/blogs/mattress-buying-guide/pros-and-cons-of-using-an-air-mattress-long-term,air mattress vs blender,Y,Y,,,Pros and Cons of Using an Air Mattress Long-Term,
/blogs/mattress-buying-guide/queen-mattress-size-guide-inches-feet-how-to-pick-the-perfect-fit,queen size mattress dimensions,Y,Y,Y,Y,"Queen Mattress Size Guide: Inches, Feet & How to Pick the Perfect Fit",
/blogs/mattress-buying-guide/serta-pedic-vs-tempurpedic-why-tempurpedic-is-the-better-option,arc'teryx vs tempur-pedic,Y,Y,,,Serta Pedic vs Tempurpedic: Why Tempurpedic is the Better Option,
/blogs/mattress-buying-guide/spring-vs-foam-mattress-back-pain#which-is-better-by-sleep-position,are spring mattresses bad for your back,Y,Y,,,,
/blogs/mattress-buying-guide/what-does-medium-firm-mattress-mean-understanding-firmness-levels-for-perfect-sleep,medium firm mattress,,,Y,,What Does Medium Firm Mattress Mean? Understanding Firmness Levels for Perfect Sleep,
/blogs/mattress-buying-guide/what-is-high-density-foam,2.0 high density foam,Y,Y,,Y,What is High Density Foam? Facts (Pros & Cons),
/blogs/mattress-buying-guide/what-is-high-density-foam,colchones de goma espuma de alta densidad,Y,Y,Y,Y,What is High Density Foam? Facts (Pros & Cons),
/blogs/mattress-buying-guide/what-is-the-size-of-a-queen-mattress,how big is a queen size bed,Y,Y,,Y,"What Is the Size of a Queen Mattress? Dimensions, Room Fit & Who It's For",
/blogs/mattress-buying-guide/what-is-the-size-of-a-queen-mattress,how wide is a queen bed,Y,Y,Y,Y,"What Is the Size of a Queen Mattress? Dimensions, Room Fit & Who It's For",
/blogs/mattress-buying-guide/what-is-the-size-of-a-queen-mattress,queen bed size,Y,Y,,Y,"What Is the Size of a Queen Mattress? Dimensions, Room Fit & Who It's For",
/blogs/mattress-buying-guide/what-is-the-size-of-a-queen-mattress,queen mattress dimensions,Y,Y,,,"What Is the Size of a Queen Mattress? Dimensions, Room Fit & Who It's For",
/blogs/mattress-buying-guide/what-is-the-size-of-a-queen-mattress,queen mattress size,,Y,,Y,"What Is the Size of a Queen Mattress? Dimensions, Room Fit & Who It's For",
/blogs/mattress-buying-guide/what-is-the-size-of-a-queen-mattress,queen size queen size bed,Y,Y,,,"What Is the Size of a Queen Mattress? Dimensions, Room Fit & Who It's For",
/blogs/mattress-buying-guide/what-is-the-size-of-a-queen-mattress,size of queen bed,Y,Y,,,"What Is the Size of a Queen Mattress? Dimensions, Room Fit & Who It's For",
/blogs/mattress-buying-guide/what-is-the-size-of-a-queen-mattress,size queen size beds,Y,Y,,Y,"What Is the Size of a Queen Mattress? Dimensions, Room Fit & Who It's For",
/blogs/mattress-buying-guide/what-is-the-size-of-a-queen-mattress,what is size queen bed,Y,Y,,,"What Is the Size of a Queen Mattress? Dimensions, Room Fit & Who It's For",
/blogs/mattress-buying-guide/what-is-the-size-of-a-twin-mattress,twin mattress dimensions,Y,Y,,,"Twin Bed Size: Mattress Dimensions, Who It's For, How to Choose",
/blogs/mattress-buying-guide/what-is-the-size-of-a-twin-mattress,twin mattress size,Y,Y,Y,,"Twin Bed Size: Mattress Dimensions, Who It's For, How to Choose",
/blogs/mattress-buying-guide/what-is-the-size-of-a-twin-mattress,twin size bed dimensions,Y,Y,,Y,"Twin Bed Size: Mattress Dimensions, Who It's For, How to Choose",
/collections/adjustable-beds,adjustable bed with mattress,Y,Y,,,Adjustable Beds That Raise Head & Feet | LA Mattress Store,"Shop adjustable beds that raise head and foot for back pain relief, reduced snoring, and better circulation. Tempur-Pedic, Leggett & Platt, and more. Free white-glove delivery in LA."
/collections/adjustable-beds,adjustable mattress and frame,Y,Y,,,Adjustable Beds That Raise Head & Feet | LA Mattress Store,"Shop adjustable beds that raise head and foot for back pain relief, reduced snoring, and better circulation. Tempur-Pedic, Leggett & Platt, and more. Free white-glove delivery in LA."
/collections/bed-in-a-box-mattresses,bed ina box,Y,Y,,,Bed-in-a-Box Mattresses | Compressed Roll-Pack Delivery | LA Mattress Store,"Shop bed-in-a-box mattresses delivered compressed and rolled for easy setup. Memory foam and hybrid options. Unbox, unroll, and sleep. Free white glove delivery available."
/collections/mattresses,bed for sale,Y,Y,Y,Y,Mattresses | All Brands & Comfort Levels | LA Mattress Store,"Browse 169+ mattresses from Tempur-Pedic, Stearns & Foster, Diamond, and Helix. Memory foam, hybrid, latex, and innerspring in every size. Free LA delivery."
/collections/mattresses,bed frame stores,Y,Y,,,Mattresses | All Brands & Comfort Levels | LA Mattress Store,"Browse 169+ mattresses from Tempur-Pedic, Stearns & Foster, Diamond, and Helix. Memory foam, hybrid, latex, and innerspring in every size. Free LA delivery."
/collections/on-sale,mattress mattress sale,Y,Y,,,Mattress Sales: Up to 60% Off Top Brands | LA Mattress Store,"Shop mattress sales from top brands like Tempur-Pedic, Stearns and Foster, and Diamond. Floor models, clearance, and seasonal mattress sales. Free LA delivery and 0% APR financing."
/collections/organic-mattress,organic mattress,Y,,,,Organic and GOTS Certified Mattresses | LA Mattress Store,"Shop GOTS and GOLS certified organic mattresses. Natural latex, organic cotton and wool. Harvest Green and more. Free delivery in LA. Try in 5 showrooms."
/collections/tempur-pedic-mattresses,tempur pedic mattress,,,Y,,Tempur-Pedic Mattresses | Best Prices and Same-Day Delivery,"Shop Tempur-Pedic beds locally at LA Mattress Store for premium comfort, deep rest, and enjoy fast, free white glove delivery across the Los Angeles area."
/collections/tempur-pedic-mattresses,tempurpedic,Y,Y,,,Tempur-Pedic Mattresses | Best Prices and Same-Day Delivery,"Shop Tempur-Pedic beds locally at LA Mattress Store for premium comfort, deep rest, and enjoy fast, free white glove delivery across the Los Angeles area."
/collections/tempur-pedic-mattresses,tempurpedic mattress,Y,Y,,,Tempur-Pedic Mattresses | Best Prices and Same-Day Delivery,"Shop Tempur-Pedic beds locally at LA Mattress Store for premium comfort, deep rest, and enjoy fast, free white glove delivery across the Los Angeles area."
/pages/mattress-sizes,60x80 bed size,Y,Y,,,,
/pages/mattress-sizes,bed dimensions feet,Y,Y,,,,
/pages/mattress-sizes,bed size chart,Y,,,,,
/pages/mattress-sizes,bed sizes chart,Y,,,,,
/pages/mattress-sizes,king mattress size,Y,Y,,Y,,
/pages/mattress-sizes,king size mattress dimensions,Y,Y,,Y,,
/pages/mattress-sizes,king size measurement mattress,Y,Y,,,,
/pages/mattress-sizes,mattress size chart,,Y,Y,Y,,
/pages/mattress-sizes,size twin bed dimensions,Y,Y,,,,
